,fold_1,fold_2,fold_3,fold_4,fold_5,fold_6,fold_7,fold_8,fold_9,fold_10
Cells_AreaShape_BoundingBoxMaximum_X,338.0,351.0,342.0,312.0,285.0,304.0,359.0,326.0,289.0,315.0
Cells_AreaShape_Eccentricity,645.0,667.0,644.0,630.0,611.0,634.0,619.0,607.0,613.0,628.0
Cells_AreaShape_Extent,469.0,524.0,492.0,548.0,550.0,478.0,536.0,528.0,528.0,555.0
Cells_AreaShape_FormFactor,341.0,340.0,334.0,339.0,372.0,405.0,343.0,385.0,348.0,355.0
Cells_AreaShape_Orientation,497.0,459.0,509.0,496.0,457.0,486.0,542.0,468.0,464.0,520.0
Cells_AreaShape_Solidity,606.0,612.0,584.0,555.0,615.0,589.0,574.0,550.0,551.0,608.0
Cells_AreaShape_Zernike_1_1,440.0,447.0,464.0,483.0,480.0,456.0,421.0,465.0,437.0,441.0
Cells_AreaShape_Zernike_2_0,848.0,825.0,833.0,823.0,847.0,836.0,809.0,816.0,800.0,819.0
Cells_AreaShape_Zernike_2_2,587.0,610.0,560.0,603.0,567.0,589.0,558.0,581.0,552.0,606.0
Cells_AreaShape_Zernike_3_1,406.0,406.0,459.0,465.0,408.0,434.0,434.0,462.0,453.0,464.0
Cells_AreaShape_Zernike_3_3,425.0,454.0,425.0,432.0,423.0,479.0,442.0,397.0,451.0,425.0
Cells_AreaShape_Zernike_4_0,582.0,527.0,539.0,529.0,510.0,535.0,525.0,578.0,557.0,541.0
Cells_AreaShape_Zernike_4_2,436.0,499.0,487.0,478.0,421.0,425.0,452.0,406.0,487.0,438.0
Cells_AreaShape_Zernike_4_4,520.0,539.0,531.0,554.0,468.0,496.0,524.0,563.0,493.0,542.0
Cells_AreaShape_Zernike_5_1,506.0,452.0,438.0,495.0,416.0,447.0,466.0,486.0,473.0,462.0
Cells_AreaShape_Zernike_5_3,405.0,394.0,474.0,411.0,417.0,465.0,415.0,467.0,429.0,453.0
Cells_AreaShape_Zernike_6_0,405.0,362.0,398.0,397.0,400.0,376.0,366.0,394.0,377.0,393.0
Cells_AreaShape_Zernike_6_2,431.0,462.0,425.0,444.0,444.0,497.0,458.0,485.0,433.0,436.0
Cells_AreaShape_Zernike_6_4,446.0,420.0,419.0,451.0,417.0,416.0,482.0,399.0,460.0,461.0
Cells_AreaShape_Zernike_6_6,447.0,454.0,471.0,459.0,410.0,448.0,492.0,477.0,472.0,472.0
Cells_AreaShape_Zernike_7_1,350.0,376.0,401.0,363.0,332.0,357.0,314.0,325.0,345.0,333.0
Cells_AreaShape_Zernike_7_3,382.0,399.0,413.0,376.0,420.0,439.0,414.0,423.0,399.0,400.0
Cells_AreaShape_Zernike_7_5,394.0,351.0,333.0,380.0,397.0,373.0,397.0,388.0,381.0,361.0
Cells_AreaShape_Zernike_8_0,330.0,351.0,369.0,325.0,356.0,335.0,357.0,343.0,314.0,370.0
Cells_AreaShape_Zernike_8_2,367.0,360.0,356.0,435.0,405.0,425.0,422.0,358.0,369.0,373.0
Cells_AreaShape_Zernike_8_4,374.0,377.0,379.0,373.0,379.0,384.0,384.0,350.0,375.0,399.0
Cells_AreaShape_Zernike_9_1,427.0,365.0,410.0,402.0,332.0,394.0,373.0,383.0,371.0,379.0
Cells_AreaShape_Zernike_9_3,418.0,366.0,363.0,415.0,393.0,341.0,418.0,367.0,390.0,381.0
Cells_AreaShape_Zernike_9_5,476.0,458.0,463.0,427.0,495.0,448.0,407.0,449.0,477.0,480.0
Cells_Correlation_Correlation_AGP_DNA,968.0,954.0,980.0,1027.0,1004.0,998.0,1045.0,962.0,997.0,909.0
Cells_Correlation_Correlation_AGP_RNA,402.0,429.0,394.0,435.0,369.0,418.0,439.0,420.0,382.0,399.0
Cells_Correlation_Correlation_DNA_ER,582.0,531.0,566.0,603.0,571.0,572.0,572.0,542.0,564.0,654.0
Cells_Correlation_Correlation_DNA_Mito,404.0,420.0,437.0,414.0,452.0,447.0,392.0,423.0,383.0,397.0
Cells_Correlation_Correlation_DNA_RNA,455.0,467.0,492.0,459.0,450.0,458.0,440.0,442.0,445.0,473.0
Cells_Correlation_Correlation_ER_RNA,274.0,239.0,226.0,282.0,246.0,224.0,271.0,269.0,248.0,249.0
Cells_Correlation_K_DNA_ER,477.0,452.0,463.0,489.0,525.0,520.0,514.0,497.0,471.0,521.0
Cells_Correlation_K_DNA_RNA,492.0,481.0,475.0,466.0,489.0,475.0,460.0,510.0,475.0,483.0
Cells_Correlation_K_RNA_ER,371.0,300.0,318.0,322.0,349.0,370.0,370.0,343.0,375.0,320.0
Cells_Correlation_Manders_AGP_ER,416.0,401.0,449.0,359.0,399.0,398.0,436.0,393.0,388.0,410.0
Cells_Correlation_Manders_AGP_RNA,590.0,629.0,635.0,629.0,635.0,662.0,588.0,566.0,633.0,629.0
Cells_Correlation_Manders_DNA_Mito,688.0,729.0,708.0,665.0,694.0,699.0,688.0,660.0,727.0,690.0
Cells_Correlation_Manders_ER_RNA,515.0,518.0,541.0,558.0,541.0,526.0,577.0,483.0,531.0,508.0
Cells_Correlation_Manders_Mito_ER,665.0,718.0,734.0,664.0,687.0,657.0,653.0,645.0,668.0,733.0
Cells_Correlation_Manders_Mito_RNA,541.0,553.0,546.0,519.0,537.0,567.0,552.0,549.0,536.0,556.0
Cells_Correlation_Manders_RNA_ER,648.0,647.0,692.0,697.0,666.0,719.0,694.0,653.0,627.0,642.0
Cells_Correlation_Manders_RNA_Mito,574.0,562.0,575.0,570.0,551.0,570.0,590.0,588.0,546.0,593.0
Cells_Correlation_Overlap_AGP_DNA,621.0,689.0,642.0,585.0,639.0,679.0,630.0,670.0,632.0,651.0
Cells_Correlation_Overlap_AGP_ER,413.0,473.0,415.0,453.0,441.0,444.0,397.0,395.0,430.0,449.0
Cells_Correlation_Overlap_AGP_Mito,695.0,755.0,660.0,728.0,701.0,664.0,689.0,693.0,658.0,683.0
Cells_Correlation_Overlap_AGP_RNA,437.0,439.0,434.0,403.0,416.0,388.0,416.0,455.0,420.0,377.0
Cells_Correlation_Overlap_DNA_ER,702.0,734.0,700.0,745.0,713.0,750.0,745.0,699.0,778.0,730.0
Cells_Correlation_Overlap_DNA_Mito,455.0,441.0,464.0,424.0,437.0,426.0,441.0,458.0,456.0,420.0
Cells_Correlation_Overlap_DNA_RNA,547.0,558.0,533.0,529.0,553.0,556.0,545.0,509.0,560.0,590.0
Cells_Correlation_Overlap_ER_Mito,565.0,532.0,492.0,496.0,507.0,540.0,524.0,527.0,545.0,514.0
Cells_Correlation_Overlap_ER_RNA,574.0,586.0,606.0,583.0,590.0,550.0,589.0,544.0,568.0,552.0
Cells_Correlation_Overlap_Mito_RNA,474.0,540.0,484.0,499.0,511.0,494.0,481.0,494.0,474.0,466.0
Cells_Correlation_RWC_AGP_DNA,295.0,318.0,308.0,312.0,328.0,343.0,318.0,373.0,319.0,340.0
Cells_Correlation_RWC_AGP_RNA,888.0,954.0,930.0,956.0,857.0,957.0,901.0,940.0,916.0,959.0
Cells_Correlation_RWC_DNA_AGP,595.0,652.0,644.0,585.0,636.0,650.0,691.0,633.0,616.0,643.0
Cells_Correlation_RWC_DNA_ER,411.0,408.0,390.0,362.0,373.0,358.0,403.0,431.0,389.0,412.0
Cells_Correlation_RWC_DNA_Mito,625.0,567.0,603.0,590.0,576.0,561.0,643.0,616.0,600.0,584.0
Cells_Correlation_RWC_DNA_RNA,387.0,387.0,429.0,402.0,457.0,419.0,406.0,427.0,375.0,393.0
Cells_Correlation_RWC_ER_DNA,794.0,793.0,777.0,794.0,807.0,727.0,777.0,782.0,888.0,767.0
Cells_Correlation_RWC_ER_Mito,609.0,585.0,607.0,597.0,642.0,561.0,602.0,584.0,592.0,607.0
Cells_Correlation_RWC_ER_RNA,514.0,490.0,542.0,512.0,513.0,506.0,528.0,526.0,499.0,520.0
Cells_Correlation_RWC_Mito_DNA,393.0,455.0,441.0,412.0,473.0,475.0,421.0,453.0,478.0,446.0
Cells_Correlation_RWC_Mito_ER,610.0,644.0,608.0,606.0,659.0,629.0,633.0,563.0,631.0,606.0
Cells_Correlation_RWC_Mito_RNA,458.0,453.0,435.0,476.0,428.0,467.0,438.0,482.0,499.0,496.0
Cells_Correlation_RWC_RNA_ER,389.0,361.0,358.0,391.0,386.0,404.0,390.0,373.0,363.0,407.0
Cells_Correlation_RWC_RNA_Mito,653.0,698.0,655.0,721.0,660.0,671.0,750.0,757.0,671.0,725.0
Cells_Granularity_10_ER,360.0,316.0,360.0,324.0,314.0,337.0,347.0,336.0,341.0,347.0
Cells_Granularity_10_Mito,384.0,316.0,357.0,360.0,357.0,305.0,328.0,337.0,334.0,306.0
Cells_Granularity_10_RNA,406.0,396.0,406.0,412.0,377.0,389.0,385.0,360.0,395.0,400.0
Cells_Granularity_11_ER,353.0,361.0,333.0,342.0,346.0,355.0,365.0,324.0,346.0,321.0
Cells_Granularity_11_Mito,350.0,384.0,337.0,377.0,305.0,358.0,327.0,375.0,361.0,328.0
Cells_Granularity_11_RNA,423.0,475.0,450.0,419.0,446.0,413.0,451.0,471.0,427.0,396.0
Cells_Granularity_12_Mito,454.0,458.0,461.0,503.0,428.0,424.0,418.0,433.0,457.0,459.0
Cells_Granularity_1_DNA,698.0,727.0,702.0,770.0,765.0,735.0,786.0,747.0,779.0,714.0
Cells_Granularity_2_AGP,500.0,556.0,515.0,521.0,531.0,494.0,539.0,477.0,545.0,484.0
Cells_Granularity_2_ER,393.0,448.0,451.0,442.0,418.0,460.0,441.0,425.0,431.0,437.0
Cells_Granularity_2_Mito,418.0,334.0,361.0,343.0,344.0,349.0,346.0,340.0,379.0,330.0
Cells_Granularity_2_RNA,547.0,535.0,521.0,543.0,549.0,583.0,518.0,526.0,577.0,568.0
Cells_Granularity_3_ER,340.0,344.0,342.0,350.0,327.0,345.0,367.0,375.0,336.0,353.0
Cells_Granularity_3_Mito,402.0,367.0,411.0,368.0,329.0,428.0,342.0,358.0,364.0,380.0
Cells_Granularity_4_AGP,378.0,395.0,372.0,385.0,383.0,372.0,408.0,419.0,363.0,404.0
Cells_Granularity_4_DNA,511.0,498.0,529.0,519.0,514.0,523.0,490.0,486.0,523.0,502.0
Cells_Granularity_6_DNA,762.0,775.0,801.0,790.0,784.0,814.0,832.0,787.0,763.0,782.0
Cells_Granularity_7_DNA,346.0,388.0,412.0,428.0,334.0,383.0,348.0,345.0,374.0,346.0
Cells_Granularity_8_DNA,919.0,870.0,930.0,894.0,898.0,935.0,919.0,866.0,926.0,861.0
Cells_Granularity_9_DNA,1326.0,1299.0,1262.0,1319.0,1288.0,1336.0,1329.0,1313.0,1286.0,1302.0
Cells_Granularity_9_ER,400.0,417.0,457.0,405.0,457.0,409.0,440.0,417.0,447.0,408.0
Cells_Granularity_9_RNA,347.0,390.0,392.0,406.0,362.0,389.0,331.0,392.0,388.0,355.0
Cells_Intensity_IntegratedIntensityEdge_ER,450.0,464.0,432.0,445.0,477.0,457.0,361.0,502.0,472.0,463.0
Cells_Intensity_IntegratedIntensityEdge_RNA,429.0,496.0,443.0,411.0,493.0,457.0,483.0,471.0,447.0,446.0
Cells_Intensity_LowerQuartileIntensity_ER,532.0,556.0,552.0,589.0,527.0,641.0,510.0,523.0,536.0,541.0
Cells_Intensity_MassDisplacement_DNA,515.0,530.0,561.0,512.0,516.0,532.0,536.0,524.0,519.0,549.0
Cells_Intensity_MassDisplacement_ER,438.0,406.0,401.0,436.0,420.0,445.0,422.0,496.0,425.0,403.0
Cells_Intensity_MassDisplacement_Mito,385.0,367.0,391.0,438.0,364.0,409.0,367.0,366.0,396.0,388.0
Cells_Intensity_MaxIntensityEdge_AGP,383.0,383.0,403.0,380.0,411.0,376.0,355.0,382.0,353.0,391.0
Cells_Intensity_MaxIntensityEdge_ER,469.0,453.0,434.0,476.0,483.0,500.0,436.0,490.0,428.0,487.0
Cells_Intensity_MaxIntensityEdge_Mito,345.0,352.0,355.0,320.0,376.0,319.0,376.0,379.0,313.0,343.0
Cells_Intensity_MaxIntensityEdge_RNA,420.0,409.0,419.0,446.0,430.0,418.0,420.0,384.0,404.0,413.0
Cells_Intensity_MeanIntensityEdge_ER,282.0,281.0,308.0,304.0,312.0,272.0,278.0,314.0,275.0,273.0
Cells_Intensity_MeanIntensityEdge_RNA,407.0,366.0,384.0,383.0,367.0,420.0,390.0,387.0,343.0,378.0
Cells_Intensity_MedianIntensity_AGP,585.0,552.0,644.0,600.0,587.0,646.0,629.0,618.0,672.0,614.0
Cells_Intensity_MinIntensityEdge_ER,618.0,642.0,644.0,667.0,598.0,647.0,661.0,631.0,644.0,628.0
Cells_Neighbors_PercentTouching_Adjacent,899.0,932.0,952.0,969.0,948.0,911.0,959.0,967.0,974.0,917.0
Cells_RadialDistribution_FracAtD_AGP_3of4,396.0,357.0,353.0,371.0,428.0,374.0,417.0,382.0,382.0,376.0
Cells_RadialDistribution_FracAtD_DNA_2of4,255.0,261.0,246.0,250.0,226.0,269.0,248.0,249.0,258.0,275.0
Cells_RadialDistribution_FracAtD_DNA_3of4,409.0,379.0,378.0,385.0,400.0,375.0,423.0,407.0,400.0,338.0
Cells_RadialDistribution_FracAtD_DNA_4of4,286.0,295.0,299.0,309.0,294.0,315.0,330.0,279.0,307.0,307.0
Cells_RadialDistribution_FracAtD_ER_3of4,418.0,394.0,402.0,414.0,421.0,415.0,415.0,412.0,434.0,414.0
Cells_RadialDistribution_FracAtD_ER_4of4,352.0,360.0,348.0,333.0,344.0,374.0,341.0,340.0,316.0,330.0
Cells_RadialDistribution_FracAtD_Mito_3of4,338.0,301.0,302.0,332.0,323.0,350.0,344.0,355.0,330.0,345.0
Cells_RadialDistribution_FracAtD_mito_tubeness_10of20,436.0,378.0,446.0,438.0,453.0,462.0,441.0,413.0,423.0,442.0
Cells_RadialDistribution_FracAtD_mito_tubeness_12of20,413.0,400.0,365.0,371.0,417.0,426.0,441.0,400.0,408.0,421.0
Cells_RadialDistribution_FracAtD_mito_tubeness_19of20,537.0,517.0,515.0,530.0,478.0,465.0,536.0,457.0,483.0,531.0
Cells_RadialDistribution_FracAtD_mito_tubeness_20of20,537.0,541.0,586.0,560.0,559.0,547.0,551.0,545.0,523.0,545.0
Cells_RadialDistribution_FracAtD_mito_tubeness_9of16,388.0,347.0,336.0,370.0,322.0,382.0,372.0,325.0,340.0,372.0
Cells_RadialDistribution_MeanFrac_AGP_1of4,463.0,484.0,511.0,468.0,451.0,478.0,475.0,488.0,499.0,475.0
Cells_RadialDistribution_MeanFrac_AGP_3of4,536.0,555.0,542.0,540.0,516.0,554.0,539.0,545.0,539.0,535.0
Cells_RadialDistribution_MeanFrac_DNA_2of4,315.0,329.0,328.0,288.0,316.0,319.0,318.0,331.0,332.0,358.0
Cells_RadialDistribution_MeanFrac_DNA_3of4,275.0,272.0,283.0,259.0,254.0,263.0,293.0,307.0,279.0,314.0
Cells_RadialDistribution_MeanFrac_ER_1of4,465.0,476.0,432.0,479.0,429.0,451.0,460.0,429.0,449.0,470.0
Cells_RadialDistribution_MeanFrac_ER_3of4,340.0,380.0,330.0,367.0,345.0,359.0,315.0,347.0,373.0,330.0
Cells_RadialDistribution_MeanFrac_Mito_3of4,425.0,435.0,416.0,442.0,442.0,456.0,435.0,402.0,439.0,445.0
Cells_RadialDistribution_MeanFrac_mito_tubeness_10of20,525.0,549.0,490.0,549.0,481.0,506.0,501.0,512.0,513.0,477.0
Cells_RadialDistribution_MeanFrac_mito_tubeness_12of20,437.0,404.0,431.0,481.0,402.0,457.0,460.0,396.0,423.0,381.0
Cells_RadialDistribution_MeanFrac_mito_tubeness_16of20,861.0,815.0,795.0,786.0,822.0,807.0,799.0,842.0,827.0,823.0
Cells_RadialDistribution_MeanFrac_mito_tubeness_20of20,453.0,471.0,442.0,439.0,499.0,503.0,453.0,465.0,450.0,450.0
Cells_RadialDistribution_MeanFrac_mito_tubeness_9of16,288.0,299.0,308.0,295.0,303.0,278.0,279.0,311.0,273.0,299.0
Cells_RadialDistribution_RadialCV_AGP_1of4,524.0,557.0,597.0,531.0,564.0,571.0,584.0,557.0,588.0,548.0
Cells_RadialDistribution_RadialCV_AGP_2of4,691.0,632.0,700.0,644.0,699.0,690.0,681.0,669.0,626.0,666.0
Cells_RadialDistribution_RadialCV_AGP_3of4,559.0,517.0,520.0,512.0,568.0,584.0,580.0,543.0,550.0,609.0
Cells_RadialDistribution_RadialCV_AGP_4of4,691.0,667.0,665.0,687.0,666.0,715.0,647.0,673.0,654.0,637.0
Cells_RadialDistribution_RadialCV_DNA_2of4,520.0,462.0,492.0,494.0,545.0,487.0,509.0,544.0,516.0,503.0
Cells_RadialDistribution_RadialCV_DNA_3of4,525.0,487.0,458.0,476.0,424.0,511.0,421.0,503.0,486.0,497.0
Cells_RadialDistribution_RadialCV_DNA_4of4,668.0,640.0,704.0,636.0,633.0,673.0,620.0,653.0,617.0,632.0
Cells_RadialDistribution_RadialCV_ER_1of4,348.0,407.0,362.0,342.0,425.0,365.0,348.0,343.0,412.0,393.0
Cells_RadialDistribution_RadialCV_ER_2of4,481.0,449.0,452.0,446.0,456.0,503.0,502.0,477.0,449.0,491.0
Cells_RadialDistribution_RadialCV_Mito_1of4,434.0,392.0,451.0,443.0,453.0,489.0,422.0,496.0,477.0,433.0
Cells_RadialDistribution_RadialCV_Mito_2of4,520.0,535.0,501.0,531.0,500.0,506.0,503.0,511.0,500.0,486.0
Cells_RadialDistribution_RadialCV_Mito_3of4,391.0,383.0,405.0,420.0,379.0,441.0,449.0,385.0,416.0,421.0
Cells_RadialDistribution_RadialCV_Mito_4of4,716.0,654.0,727.0,658.0,696.0,714.0,702.0,657.0,761.0,708.0
Cells_RadialDistribution_RadialCV_RNA_1of4,401.0,405.0,369.0,378.0,355.0,342.0,375.0,387.0,411.0,367.0
Cells_RadialDistribution_RadialCV_RNA_2of4,356.0,377.0,360.0,377.0,413.0,348.0,394.0,372.0,362.0,348.0
Cells_RadialDistribution_RadialCV_RNA_4of4,612.0,594.0,574.0,569.0,599.0,596.0,580.0,581.0,616.0,563.0
Cells_RadialDistribution_RadialCV_mito_tubeness_10of16,712.0,746.0,679.0,695.0,681.0,701.0,671.0,750.0,732.0,675.0
Cells_RadialDistribution_RadialCV_mito_tubeness_16of16,469.0,473.0,459.0,509.0,493.0,472.0,437.0,501.0,448.0,478.0
Cells_RadialDistribution_RadialCV_mito_tubeness_1of16,460.0,479.0,446.0,508.0,488.0,470.0,459.0,437.0,437.0,415.0
Cells_RadialDistribution_RadialCV_mito_tubeness_1of20,583.0,620.0,609.0,564.0,553.0,625.0,565.0,577.0,609.0,589.0
Cells_RadialDistribution_RadialCV_mito_tubeness_20of20,449.0,494.0,539.0,470.0,488.0,509.0,515.0,436.0,498.0,458.0
Cells_RadialDistribution_RadialCV_mito_tubeness_2of20,348.0,399.0,390.0,383.0,402.0,334.0,395.0,369.0,360.0,378.0
Cells_RadialDistribution_RadialCV_mito_tubeness_3of20,495.0,478.0,475.0,473.0,469.0,480.0,522.0,490.0,499.0,501.0
Cells_RadialDistribution_RadialCV_mito_tubeness_4of20,620.0,617.0,590.0,641.0,651.0,654.0,673.0,666.0,647.0,658.0
Cells_RadialDistribution_RadialCV_mito_tubeness_5of20,892.0,861.0,852.0,861.0,826.0,861.0,898.0,877.0,853.0,896.0
Cells_RadialDistribution_RadialCV_mito_tubeness_7of16,757.0,758.0,739.0,772.0,717.0,763.0,765.0,726.0,732.0,778.0
Cells_RadialDistribution_RadialCV_mito_tubeness_8of16,606.0,576.0,573.0,640.0,586.0,577.0,583.0,609.0,579.0,577.0
Cells_Texture_AngularSecondMoment_DNA_10_03_256,498.0,511.0,499.0,472.0,491.0,491.0,449.0,496.0,523.0,534.0
Cells_Texture_AngularSecondMoment_Mito_10_01_256,395.0,372.0,389.0,379.0,371.0,398.0,352.0,420.0,402.0,411.0
Cells_Texture_Correlation_AGP_10_03_256,456.0,418.0,439.0,508.0,400.0,435.0,428.0,474.0,454.0,449.0
Cells_Texture_Correlation_AGP_5_01_256,353.0,338.0,378.0,367.0,356.0,301.0,389.0,362.0,367.0,396.0
Cells_Texture_Correlation_DNA_10_03_256,345.0,358.0,316.0,314.0,359.0,335.0,344.0,361.0,340.0,335.0
Cells_Texture_Correlation_DNA_3_00_256,354.0,399.0,354.0,331.0,341.0,354.0,345.0,351.0,328.0,329.0
Cells_Texture_Correlation_ER_3_00_256,280.0,314.0,329.0,302.0,301.0,357.0,356.0,314.0,347.0,298.0
Cells_Texture_Correlation_Mito_3_00_256,335.0,345.0,348.0,361.0,373.0,354.0,318.0,352.0,300.0,338.0
Cells_Texture_Correlation_RNA_3_00_256,291.0,333.0,319.0,312.0,295.0,303.0,333.0,309.0,299.0,316.0
Cells_Texture_Entropy_DNA_10_03_256,608.0,631.0,596.0,601.0,573.0,618.0,564.0,602.0,598.0,586.0
Cells_Texture_InfoMeas1_DNA_3_00_256,511.0,482.0,481.0,467.0,474.0,414.0,432.0,455.0,442.0,437.0
Cells_Texture_InfoMeas1_ER_10_01_256,256.0,302.0,299.0,280.0,290.0,319.0,304.0,289.0,300.0,275.0
Cells_Texture_InfoMeas1_ER_10_02_256,248.0,245.0,260.0,235.0,250.0,239.0,295.0,252.0,229.0,250.0
Cells_Texture_InfoMeas1_ER_5_03_256,284.0,284.0,301.0,309.0,304.0,309.0,275.0,279.0,282.0,294.0
Cells_Texture_InfoMeas1_Mito_3_02_256,809.0,803.0,831.0,828.0,823.0,807.0,817.0,825.0,893.0,777.0
Cells_Texture_InfoMeas1_RNA_10_01_256,400.0,376.0,401.0,358.0,391.0,381.0,373.0,325.0,340.0,397.0
Cells_Texture_InfoMeas1_RNA_10_02_256,357.0,412.0,372.0,370.0,384.0,356.0,392.0,387.0,375.0,352.0
Cells_Texture_InfoMeas1_RNA_5_03_256,288.0,239.0,298.0,260.0,263.0,276.0,278.0,276.0,253.0,296.0
Cells_Texture_InfoMeas2_DNA_10_03_256,409.0,461.0,394.0,433.0,424.0,452.0,426.0,445.0,429.0,421.0
Cells_Texture_InfoMeas2_DNA_3_00_256,438.0,424.0,463.0,464.0,406.0,429.0,452.0,433.0,438.0,452.0
Cells_Texture_InfoMeas2_ER_10_01_256,367.0,306.0,323.0,381.0,366.0,334.0,362.0,361.0,377.0,317.0
Cells_Texture_InfoMeas2_RNA_10_03_256,380.0,350.0,361.0,371.0,368.0,394.0,404.0,372.0,386.0,369.0
Cells_Texture_InverseDifferenceMoment_DNA_10_01_256,511.0,506.0,492.0,488.0,505.0,488.0,467.0,502.0,490.0,456.0
Cells_Texture_InverseDifferenceMoment_RNA_10_01_256,396.0,396.0,350.0,371.0,366.0,396.0,415.0,388.0,402.0,406.0
Cytoplasm_AreaShape_BoundingBoxMinimum_X,437.0,457.0,420.0,433.0,391.0,432.0,429.0,429.0,420.0,442.0
Cytoplasm_AreaShape_Extent,312.0,361.0,323.0,312.0,320.0,322.0,327.0,342.0,334.0,337.0
Cytoplasm_AreaShape_FormFactor,436.0,383.0,357.0,417.0,416.0,395.0,422.0,394.0,399.0,360.0
Cytoplasm_AreaShape_Orientation,397.0,429.0,403.0,359.0,372.0,405.0,357.0,413.0,401.0,406.0
Cytoplasm_AreaShape_Zernike_0_0,508.0,472.0,482.0,509.0,476.0,495.0,489.0,528.0,442.0,478.0
Cytoplasm_AreaShape_Zernike_1_1,772.0,648.0,756.0,727.0,677.0,675.0,719.0,696.0,743.0,731.0
Cytoplasm_AreaShape_Zernike_2_0,399.0,351.0,384.0,387.0,325.0,348.0,349.0,366.0,334.0,340.0
Cytoplasm_AreaShape_Zernike_2_2,419.0,398.0,352.0,358.0,385.0,369.0,384.0,410.0,379.0,376.0
Cytoplasm_AreaShape_Zernike_3_1,364.0,342.0,396.0,412.0,405.0,373.0,415.0,400.0,413.0,375.0
Cytoplasm_AreaShape_Zernike_3_3,458.0,455.0,476.0,474.0,517.0,471.0,469.0,479.0,512.0,438.0
Cytoplasm_AreaShape_Zernike_4_0,508.0,529.0,552.0,497.0,535.0,543.0,517.0,513.0,503.0,526.0
Cytoplasm_AreaShape_Zernike_4_2,484.0,444.0,450.0,426.0,449.0,454.0,438.0,425.0,442.0,476.0
Cytoplasm_AreaShape_Zernike_4_4,392.0,383.0,386.0,416.0,388.0,396.0,385.0,414.0,393.0,370.0
Cytoplasm_AreaShape_Zernike_5_1,444.0,515.0,414.0,396.0,445.0,458.0,496.0,487.0,453.0,475.0
Cytoplasm_AreaShape_Zernike_5_3,369.0,410.0,388.0,369.0,357.0,394.0,342.0,407.0,413.0,375.0
Cytoplasm_AreaShape_Zernike_5_5,403.0,397.0,377.0,375.0,338.0,396.0,362.0,387.0,378.0,392.0
Cytoplasm_AreaShape_Zernike_6_0,461.0,488.0,479.0,515.0,505.0,447.0,440.0,494.0,443.0,480.0
Cytoplasm_AreaShape_Zernike_6_2,571.0,547.0,554.0,571.0,567.0,529.0,640.0,550.0,534.0,559.0
Cytoplasm_AreaShape_Zernike_6_4,489.0,494.0,520.0,466.0,502.0,493.0,524.0,490.0,521.0,476.0
Cytoplasm_AreaShape_Zernike_6_6,466.0,412.0,467.0,449.0,455.0,428.0,467.0,432.0,519.0,472.0
Cytoplasm_AreaShape_Zernike_7_1,339.0,350.0,326.0,352.0,392.0,409.0,357.0,348.0,359.0,390.0
Cytoplasm_AreaShape_Zernike_7_3,523.0,562.0,590.0,517.0,511.0,574.0,505.0,600.0,524.0,606.0
Cytoplasm_AreaShape_Zernike_7_5,361.0,360.0,425.0,415.0,412.0,385.0,402.0,421.0,388.0,399.0
Cytoplasm_AreaShape_Zernike_7_7,385.0,374.0,398.0,405.0,374.0,367.0,436.0,406.0,415.0,371.0
Cytoplasm_AreaShape_Zernike_8_0,442.0,405.0,416.0,407.0,425.0,411.0,406.0,391.0,394.0,416.0
Cytoplasm_AreaShape_Zernike_8_2,399.0,391.0,374.0,387.0,356.0,376.0,386.0,423.0,397.0,355.0
Cytoplasm_AreaShape_Zernike_8_4,516.0,465.0,502.0,512.0,545.0,479.0,472.0,466.0,444.0,539.0
Cytoplasm_AreaShape_Zernike_8_6,538.0,515.0,489.0,476.0,444.0,468.0,495.0,479.0,487.0,517.0
Cytoplasm_AreaShape_Zernike_8_8,397.0,481.0,469.0,409.0,421.0,402.0,520.0,454.0,484.0,478.0
Cytoplasm_AreaShape_Zernike_9_1,348.0,421.0,391.0,406.0,381.0,382.0,383.0,410.0,413.0,389.0
Cytoplasm_AreaShape_Zernike_9_3,412.0,493.0,398.0,450.0,406.0,402.0,460.0,429.0,430.0,481.0
Cytoplasm_AreaShape_Zernike_9_5,500.0,437.0,432.0,459.0,463.0,466.0,495.0,478.0,436.0,512.0
Cytoplasm_AreaShape_Zernike_9_7,396.0,375.0,373.0,339.0,383.0,379.0,366.0,355.0,353.0,398.0
Cytoplasm_AreaShape_Zernike_9_9,395.0,427.0,420.0,398.0,396.0,430.0,408.0,443.0,418.0,423.0
Cytoplasm_Correlation_Correlation_AGP_DNA,450.0,441.0,493.0,433.0,491.0,498.0,445.0,461.0,451.0,450.0
Cytoplasm_Correlation_Correlation_AGP_Mito,1078.0,1083.0,1082.0,1040.0,1002.0,1090.0,1038.0,1073.0,1062.0,1013.0
Cytoplasm_Correlation_Correlation_DNA_Mito,595.0,669.0,650.0,679.0,675.0,649.0,677.0,672.0,717.0,626.0
Cytoplasm_Correlation_Correlation_DNA_RNA,502.0,465.0,468.0,469.0,434.0,450.0,464.0,483.0,454.0,457.0
Cytoplasm_Correlation_Correlation_ER_Mito,676.0,793.0,742.0,765.0,770.0,742.0,754.0,709.0,734.0,760.0
Cytoplasm_Correlation_Correlation_Mito_RNA,702.0,734.0,709.0,671.0,698.0,734.0,676.0,700.0,691.0,696.0
Cytoplasm_Correlation_K_AGP_ER,536.0,551.0,581.0,581.0,618.0,598.0,601.0,562.0,549.0,561.0
Cytoplasm_Correlation_K_AGP_RNA,749.0,682.0,716.0,683.0,683.0,751.0,723.0,659.0,665.0,679.0
Cytoplasm_Correlation_K_DNA_ER,689.0,615.0,650.0,644.0,652.0,665.0,612.0,684.0,663.0,630.0
Cytoplasm_Correlation_K_DNA_Mito,352.0,359.0,341.0,349.0,341.0,368.0,346.0,391.0,354.0,315.0
Cytoplasm_Correlation_K_DNA_RNA,830.0,813.0,824.0,770.0,792.0,824.0,764.0,817.0,807.0,773.0
Cytoplasm_Correlation_K_ER_RNA,667.0,642.0,646.0,629.0,620.0,665.0,609.0,600.0,601.0,655.0
Cytoplasm_Correlation_K_Mito_AGP,625.0,612.0,624.0,619.0,625.0,577.0,621.0,584.0,624.0,642.0
Cytoplasm_Correlation_K_Mito_ER,766.0,744.0,745.0,742.0,765.0,762.0,798.0,809.0,728.0,755.0
Cytoplasm_Correlation_K_Mito_RNA,674.0,702.0,748.0,672.0,712.0,742.0,746.0,761.0,744.0,766.0
Cytoplasm_Correlation_K_RNA_AGP,499.0,494.0,474.0,442.0,474.0,482.0,446.0,464.0,522.0,510.0
Cytoplasm_Correlation_Manders_AGP_ER,381.0,370.0,409.0,409.0,408.0,404.0,352.0,394.0,371.0,425.0
Cytoplasm_Correlation_Manders_AGP_RNA,427.0,452.0,443.0,466.0,447.0,456.0,461.0,405.0,448.0,424.0
Cytoplasm_Correlation_Manders_DNA_Mito,565.0,486.0,527.0,510.0,502.0,508.0,575.0,539.0,548.0,542.0
Cytoplasm_Correlation_Manders_Mito_ER,387.0,397.0,368.0,373.0,386.0,399.0,424.0,339.0,346.0,381.0
Cytoplasm_Correlation_Manders_Mito_RNA,534.0,528.0,599.0,588.0,505.0,540.0,532.0,543.0,570.0,572.0
Cytoplasm_Correlation_Manders_RNA_ER,719.0,765.0,689.0,749.0,677.0,707.0,713.0,674.0,709.0,738.0
Cytoplasm_Correlation_Overlap_AGP_DNA,1020.0,988.0,1024.0,951.0,1012.0,1008.0,977.0,1025.0,994.0,974.0
Cytoplasm_Correlation_Overlap_AGP_ER,864.0,938.0,900.0,899.0,866.0,948.0,889.0,891.0,887.0,848.0
Cytoplasm_Correlation_Overlap_AGP_RNA,689.0,718.0,713.0,730.0,707.0,711.0,743.0,708.0,717.0,732.0
Cytoplasm_Correlation_Overlap_DNA_ER,589.0,557.0,545.0,559.0,548.0,543.0,516.0,551.0,569.0,567.0
Cytoplasm_Correlation_Overlap_DNA_Mito,587.0,568.0,648.0,634.0,571.0,586.0,599.0,577.0,587.0,664.0
Cytoplasm_Correlation_Overlap_DNA_RNA,384.0,419.0,452.0,424.0,428.0,420.0,437.0,421.0,418.0,395.0
Cytoplasm_Correlation_Overlap_ER_Mito,775.0,777.0,801.0,761.0,796.0,830.0,760.0,852.0,827.0,816.0
Cytoplasm_Correlation_Overlap_ER_RNA,1010.0,975.0,981.0,1067.0,1029.0,1021.0,1015.0,1006.0,1026.0,984.0
Cytoplasm_Correlation_Overlap_Mito_RNA,809.0,857.0,839.0,859.0,874.0,847.0,820.0,825.0,864.0,815.0
Cytoplasm_Correlation_RWC_AGP_DNA,471.0,433.0,504.0,474.0,440.0,480.0,455.0,438.0,479.0,434.0
Cytoplasm_Correlation_RWC_AGP_ER,558.0,542.0,560.0,568.0,517.0,500.0,579.0,566.0,544.0,516.0
Cytoplasm_Correlation_RWC_AGP_Mito,617.0,589.0,591.0,634.0,579.0,552.0,567.0,568.0,573.0,623.0
Cytoplasm_Correlation_RWC_AGP_RNA,455.0,467.0,430.0,452.0,427.0,422.0,417.0,476.0,465.0,470.0
Cytoplasm_Correlation_RWC_DNA_AGP,552.0,601.0,573.0,545.0,632.0,567.0,538.0,567.0,582.0,590.0
Cytoplasm_Correlation_RWC_DNA_ER,497.0,468.0,495.0,496.0,488.0,488.0,502.0,550.0,518.0,495.0
Cytoplasm_Correlation_RWC_DNA_Mito,398.0,360.0,387.0,397.0,353.0,380.0,374.0,382.0,388.0,338.0
Cytoplasm_Correlation_RWC_DNA_RNA,275.0,250.0,274.0,253.0,273.0,286.0,236.0,281.0,262.0,255.0
Cytoplasm_Correlation_RWC_ER_AGP,460.0,440.0,454.0,414.0,453.0,445.0,447.0,452.0,474.0,479.0
Cytoplasm_Correlation_RWC_ER_RNA,461.0,457.0,447.0,451.0,462.0,449.0,485.0,470.0,477.0,435.0
Cytoplasm_Correlation_RWC_Mito_AGP,670.0,654.0,672.0,670.0,663.0,650.0,711.0,702.0,685.0,670.0
Cytoplasm_Correlation_RWC_Mito_ER,727.0,748.0,709.0,749.0,747.0,761.0,745.0,710.0,724.0,736.0
Cytoplasm_Correlation_RWC_Mito_RNA,848.0,800.0,794.0,807.0,791.0,824.0,752.0,798.0,813.0,824.0
Cytoplasm_Correlation_RWC_RNA_AGP,573.0,587.0,584.0,613.0,598.0,612.0,588.0,547.0,566.0,574.0
Cytoplasm_Correlation_RWC_RNA_ER,669.0,695.0,674.0,623.0,604.0,669.0,669.0,676.0,695.0,692.0
Cytoplasm_Correlation_RWC_RNA_Mito,702.0,705.0,688.0,742.0,739.0,698.0,707.0,707.0,665.0,754.0
Cytoplasm_Granularity_10_DNA,491.0,465.0,454.0,512.0,486.0,496.0,475.0,453.0,457.0,475.0
Cytoplasm_Granularity_10_ER,490.0,475.0,479.0,487.0,495.0,476.0,508.0,459.0,477.0,557.0
Cytoplasm_Granularity_11_DNA,369.0,349.0,350.0,353.0,377.0,363.0,376.0,377.0,353.0,341.0
Cytoplasm_Granularity_12_DNA,344.0,314.0,320.0,336.0,297.0,309.0,369.0,334.0,338.0,334.0
Cytoplasm_Granularity_13_DNA,383.0,380.0,396.0,325.0,394.0,369.0,382.0,338.0,358.0,342.0
Cytoplasm_Granularity_14_DNA,459.0,445.0,498.0,480.0,463.0,417.0,435.0,466.0,446.0,466.0
Cytoplasm_Granularity_15_DNA,406.0,427.0,392.0,427.0,397.0,335.0,383.0,398.0,408.0,403.0
Cytoplasm_Granularity_16_DNA,395.0,414.0,398.0,409.0,398.0,376.0,470.0,396.0,368.0,417.0
Cytoplasm_Granularity_1_AGP,1181.0,1163.0,1193.0,1258.0,1168.0,1218.0,1206.0,1243.0,1273.0,1182.0
Cytoplasm_Granularity_1_DNA,761.0,780.0,768.0,736.0,772.0,714.0,779.0,756.0,777.0,768.0
Cytoplasm_Granularity_1_Mito,996.0,1059.0,1041.0,991.0,1043.0,1053.0,1016.0,948.0,1050.0,1042.0
Cytoplasm_Granularity_2_AGP,561.0,600.0,596.0,584.0,570.0,635.0,620.0,580.0,590.0,573.0
Cytoplasm_Granularity_2_ER,685.0,735.0,730.0,705.0,714.0,703.0,682.0,653.0,669.0,749.0
Cytoplasm_Granularity_2_Mito,614.0,585.0,626.0,600.0,597.0,606.0,609.0,595.0,606.0,574.0
Cytoplasm_Granularity_2_RNA,471.0,473.0,449.0,421.0,493.0,482.0,453.0,474.0,521.0,464.0
Cytoplasm_Granularity_3_AGP,503.0,608.0,563.0,548.0,554.0,583.0,591.0,545.0,527.0,523.0
Cytoplasm_Granularity_3_ER,596.0,544.0,570.0,597.0,562.0,554.0,533.0,572.0,508.0,570.0
Cytoplasm_Granularity_3_Mito,688.0,631.0,624.0,647.0,621.0,593.0,610.0,605.0,653.0,620.0
Cytoplasm_Granularity_3_RNA,552.0,461.0,507.0,477.0,510.0,460.0,478.0,473.0,488.0,505.0
Cytoplasm_Granularity_4_AGP,335.0,342.0,354.0,353.0,329.0,301.0,334.0,343.0,354.0,333.0
Cytoplasm_Granularity_4_Mito,600.0,554.0,528.0,563.0,621.0,547.0,546.0,571.0,568.0,527.0
Cytoplasm_Granularity_5_DNA,392.0,372.0,343.0,358.0,343.0,370.0,385.0,388.0,387.0,367.0
Cytoplasm_Granularity_5_Mito,525.0,531.0,548.0,473.0,506.0,505.0,521.0,528.0,507.0,565.0
Cytoplasm_Granularity_6_DNA,563.0,567.0,520.0,524.0,518.0,482.0,511.0,539.0,515.0,532.0
Cytoplasm_Granularity_6_ER,410.0,461.0,428.0,485.0,498.0,522.0,442.0,477.0,417.0,497.0
Cytoplasm_Granularity_6_Mito,544.0,525.0,452.0,524.0,510.0,484.0,458.0,541.0,522.0,507.0
Cytoplasm_Granularity_7_DNA,380.0,379.0,344.0,389.0,375.0,369.0,390.0,349.0,381.0,340.0
Cytoplasm_Granularity_8_DNA,362.0,333.0,338.0,340.0,335.0,331.0,387.0,377.0,346.0,331.0
Cytoplasm_Granularity_9_DNA,543.0,558.0,528.0,524.0,555.0,552.0,527.0,499.0,557.0,490.0
Cytoplasm_Intensity_IntegratedIntensityEdge_AGP,809.0,772.0,678.0,757.0,827.0,784.0,744.0,748.0,797.0,763.0
Cytoplasm_Intensity_IntegratedIntensityEdge_ER,370.0,366.0,381.0,357.0,369.0,387.0,374.0,331.0,392.0,367.0
Cytoplasm_Intensity_IntegratedIntensityEdge_RNA,380.0,390.0,404.0,407.0,413.0,418.0,415.0,348.0,394.0,390.0
Cytoplasm_Intensity_MADIntensity_AGP,602.0,619.0,590.0,620.0,643.0,637.0,700.0,609.0,677.0,648.0
Cytoplasm_Intensity_MassDisplacement_DNA,751.0,717.0,724.0,714.0,776.0,713.0,737.0,720.0,704.0,760.0
Cytoplasm_Intensity_MaxIntensity_AGP,717.0,714.0,668.0,676.0,746.0,691.0,730.0,704.0,716.0,684.0
Cytoplasm_Intensity_MaxIntensity_ER,1001.0,984.0,1005.0,1059.0,1006.0,1004.0,992.0,1054.0,1054.0,1004.0
Cytoplasm_Intensity_MaxIntensity_Mito,723.0,697.0,747.0,701.0,768.0,732.0,742.0,719.0,715.0,674.0
Cytoplasm_Intensity_MeanIntensityEdge_AGP,279.0,281.0,316.0,312.0,283.0,346.0,248.0,327.0,304.0,269.0
Cytoplasm_Intensity_MeanIntensityEdge_ER,284.0,231.0,282.0,230.0,265.0,298.0,242.0,246.0,252.0,234.0
Cytoplasm_Intensity_MeanIntensityEdge_RNA,345.0,323.0,293.0,350.0,311.0,287.0,312.0,356.0,304.0,317.0
Cytoplasm_Intensity_MinIntensityEdge_ER,511.0,541.0,477.0,534.0,524.0,553.0,550.0,516.0,505.0,534.0
Cytoplasm_Intensity_MinIntensityEdge_RNA,496.0,547.0,462.0,510.0,500.0,547.0,518.0,586.0,530.0,547.0
Cytoplasm_Intensity_MinIntensity_AGP,833.0,791.0,768.0,791.0,759.0,785.0,708.0,779.0,805.0,783.0
Cytoplasm_Intensity_MinIntensity_RNA,479.0,509.0,468.0,437.0,482.0,488.0,486.0,442.0,495.0,478.0
Cytoplasm_RadialDistribution_FracAtD_AGP_1of4,444.0,473.0,473.0,511.0,467.0,454.0,507.0,482.0,479.0,506.0
Cytoplasm_RadialDistribution_FracAtD_DNA_1of4,512.0,526.0,494.0,537.0,535.0,566.0,486.0,542.0,527.0,501.0
Cytoplasm_RadialDistribution_FracAtD_DNA_4of4,521.0,541.0,519.0,507.0,521.0,532.0,509.0,506.0,487.0,508.0
Cytoplasm_RadialDistribution_FracAtD_Mito_3of4,359.0,442.0,376.0,398.0,389.0,413.0,417.0,388.0,416.0,431.0
Cytoplasm_RadialDistribution_FracAtD_Mito_4of4,328.0,386.0,405.0,378.0,413.0,398.0,430.0,335.0,377.0,363.0
Cytoplasm_RadialDistribution_FracAtD_mito_tubeness_12of16,429.0,448.0,458.0,432.0,465.0,443.0,448.0,462.0,386.0,452.0
Cytoplasm_RadialDistribution_FracAtD_mito_tubeness_13of20,656.0,674.0,655.0,605.0,651.0,603.0,660.0,623.0,658.0,653.0
Cytoplasm_RadialDistribution_FracAtD_mito_tubeness_14of20,347.0,398.0,386.0,421.0,327.0,406.0,414.0,380.0,399.0,380.0
Cytoplasm_RadialDistribution_FracAtD_mito_tubeness_15of16,529.0,530.0,534.0,546.0,488.0,481.0,563.0,512.0,535.0,498.0
Cytoplasm_RadialDistribution_FracAtD_mito_tubeness_16of20,513.0,543.0,539.0,543.0,575.0,561.0,548.0,515.0,565.0,566.0
Cytoplasm_RadialDistribution_FracAtD_mito_tubeness_18of20,840.0,833.0,857.0,792.0,810.0,799.0,830.0,834.0,806.0,853.0
Cytoplasm_RadialDistribution_FracAtD_mito_tubeness_19of20,422.0,367.0,376.0,353.0,343.0,314.0,360.0,363.0,363.0,377.0
Cytoplasm_RadialDistribution_FracAtD_mito_tubeness_20of20,580.0,616.0,653.0,638.0,607.0,577.0,639.0,645.0,655.0,624.0
Cytoplasm_RadialDistribution_MeanFrac_AGP_3of4,487.0,536.0,496.0,466.0,471.0,537.0,469.0,475.0,535.0,497.0
Cytoplasm_RadialDistribution_MeanFrac_AGP_4of4,926.0,917.0,972.0,899.0,987.0,876.0,931.0,916.0,901.0,1005.0
Cytoplasm_RadialDistribution_MeanFrac_DNA_1of4,513.0,567.0,551.0,526.0,539.0,523.0,506.0,485.0,523.0,529.0
Cytoplasm_RadialDistribution_MeanFrac_DNA_4of4,536.0,528.0,525.0,542.0,547.0,524.0,546.0,494.0,551.0,537.0
Cytoplasm_RadialDistribution_MeanFrac_ER_3of4,441.0,429.0,395.0,458.0,437.0,458.0,393.0,402.0,454.0,428.0
Cytoplasm_RadialDistribution_MeanFrac_ER_4of4,776.0,761.0,829.0,805.0,780.0,770.0,777.0,785.0,789.0,793.0
Cytoplasm_RadialDistribution_MeanFrac_Mito_3of4,437.0,449.0,430.0,451.0,411.0,465.0,451.0,470.0,482.0,395.0
Cytoplasm_RadialDistribution_MeanFrac_Mito_4of4,812.0,849.0,793.0,820.0,823.0,799.0,800.0,803.0,793.0,819.0
Cytoplasm_RadialDistribution_MeanFrac_mito_tubeness_10of16,470.0,520.0,500.0,498.0,480.0,494.0,469.0,518.0,556.0,499.0
Cytoplasm_RadialDistribution_MeanFrac_mito_tubeness_11of16,356.0,410.0,419.0,362.0,383.0,399.0,391.0,342.0,396.0,409.0
Cytoplasm_RadialDistribution_MeanFrac_mito_tubeness_12of20,476.0,389.0,387.0,444.0,404.0,437.0,464.0,426.0,448.0,417.0
Cytoplasm_RadialDistribution_MeanFrac_mito_tubeness_13of20,540.0,505.0,493.0,509.0,552.0,463.0,497.0,579.0,513.0,502.0
Cytoplasm_RadialDistribution_RadialCV_AGP_1of4,1196.0,1179.0,1123.0,1190.0,1210.0,1212.0,1166.0,1183.0,1195.0,1162.0
Cytoplasm_RadialDistribution_RadialCV_AGP_2of4,547.0,550.0,546.0,555.0,551.0,575.0,572.0,609.0,565.0,591.0
Cytoplasm_RadialDistribution_RadialCV_DNA_1of4,702.0,685.0,666.0,729.0,684.0,662.0,677.0,714.0,715.0,707.0
Cytoplasm_RadialDistribution_RadialCV_DNA_2of4,731.0,769.0,756.0,751.0,730.0,762.0,741.0,752.0,774.0,769.0
Cytoplasm_RadialDistribution_RadialCV_DNA_4of4,782.0,684.0,798.0,765.0,766.0,699.0,695.0,704.0,693.0,761.0
Cytoplasm_RadialDistribution_RadialCV_ER_1of4,510.0,550.0,502.0,532.0,507.0,543.0,547.0,488.0,542.0,528.0
Cytoplasm_RadialDistribution_RadialCV_ER_2of4,538.0,521.0,510.0,534.0,529.0,531.0,507.0,544.0,500.0,509.0
Cytoplasm_RadialDistribution_RadialCV_Mito_1of4,524.0,521.0,512.0,500.0,499.0,498.0,538.0,526.0,521.0,516.0
Cytoplasm_RadialDistribution_RadialCV_Mito_2of4,638.0,571.0,590.0,610.0,649.0,613.0,612.0,637.0,602.0,624.0
Cytoplasm_RadialDistribution_RadialCV_RNA_2of4,478.0,496.0,458.0,475.0,421.0,479.0,470.0,523.0,448.0,434.0
Cytoplasm_RadialDistribution_RadialCV_mito_tubeness_10of16,403.0,422.0,430.0,435.0,460.0,395.0,445.0,434.0,411.0,465.0
Cytoplasm_RadialDistribution_RadialCV_mito_tubeness_11of16,471.0,423.0,432.0,450.0,419.0,450.0,408.0,437.0,430.0,430.0
Cytoplasm_RadialDistribution_RadialCV_mito_tubeness_12of16,412.0,390.0,382.0,400.0,422.0,402.0,393.0,411.0,410.0,392.0
Cytoplasm_RadialDistribution_RadialCV_mito_tubeness_13of20,597.0,507.0,571.0,569.0,544.0,521.0,594.0,572.0,612.0,496.0
Cytoplasm_RadialDistribution_RadialCV_mito_tubeness_15of16,472.0,448.0,463.0,465.0,466.0,483.0,462.0,464.0,498.0,400.0
Cytoplasm_RadialDistribution_RadialCV_mito_tubeness_16of16,328.0,358.0,373.0,411.0,347.0,366.0,383.0,383.0,404.0,355.0
Cytoplasm_RadialDistribution_RadialCV_mito_tubeness_16of20,344.0,340.0,346.0,327.0,349.0,347.0,347.0,406.0,343.0,348.0
Cytoplasm_RadialDistribution_RadialCV_mito_tubeness_20of20,380.0,370.0,358.0,385.0,365.0,410.0,345.0,396.0,408.0,398.0
Cytoplasm_Texture_AngularSecondMoment_DNA_10_01_256,312.0,339.0,389.0,313.0,336.0,338.0,333.0,342.0,340.0,333.0
Cytoplasm_Texture_AngularSecondMoment_DNA_5_03_256,314.0,267.0,282.0,272.0,290.0,287.0,308.0,276.0,293.0,276.0
Cytoplasm_Texture_Correlation_AGP_3_00_256,972.0,977.0,986.0,990.0,1004.0,950.0,970.0,906.0,1000.0,984.0
Cytoplasm_Texture_Correlation_DNA_10_02_256,487.0,403.0,434.0,441.0,442.0,459.0,419.0,451.0,465.0,445.0
Cytoplasm_Texture_Correlation_DNA_3_00_256,459.0,475.0,466.0,493.0,454.0,457.0,427.0,448.0,466.0,438.0
Cytoplasm_Texture_Correlation_DNA_3_03_256,355.0,382.0,392.0,418.0,364.0,335.0,375.0,354.0,350.0,362.0
Cytoplasm_Texture_Correlation_DNA_5_00_256,249.0,239.0,267.0,247.0,258.0,296.0,256.0,255.0,268.0,235.0
Cytoplasm_Texture_Correlation_DNA_5_01_256,455.0,462.0,469.0,495.0,479.0,472.0,453.0,522.0,447.0,494.0
Cytoplasm_Texture_Correlation_ER_10_01_256,488.0,460.0,436.0,462.0,444.0,478.0,378.0,440.0,444.0,433.0
Cytoplasm_Texture_Correlation_ER_3_00_256,649.0,696.0,743.0,742.0,708.0,691.0,697.0,723.0,739.0,722.0
Cytoplasm_Texture_Correlation_Mito_10_01_256,944.0,1015.0,931.0,956.0,952.0,927.0,974.0,954.0,936.0,993.0
Cytoplasm_Texture_Correlation_Mito_3_00_256,644.0,698.0,707.0,669.0,714.0,743.0,722.0,656.0,708.0,668.0
Cytoplasm_Texture_Correlation_RNA_3_00_256,637.0,643.0,645.0,640.0,625.0,656.0,649.0,620.0,554.0,641.0
Cytoplasm_Texture_DifferenceVariance_DNA_10_01_256,319.0,332.0,306.0,380.0,305.0,345.0,350.0,335.0,343.0,376.0
Cytoplasm_Texture_DifferenceVariance_DNA_5_03_256,425.0,467.0,441.0,425.0,448.0,486.0,456.0,425.0,410.0,460.0
Cytoplasm_Texture_DifferenceVariance_Mito_10_03_256,588.0,564.0,551.0,572.0,581.0,577.0,561.0,535.0,530.0,575.0
Cytoplasm_Texture_Entropy_AGP_10_01_256,838.0,830.0,907.0,887.0,867.0,862.0,788.0,903.0,907.0,828.0
Cytoplasm_Texture_Entropy_ER_10_01_256,411.0,394.0,407.0,386.0,422.0,405.0,442.0,393.0,421.0,394.0
Cytoplasm_Texture_Entropy_Mito_10_03_256,669.0,736.0,661.0,694.0,657.0,667.0,672.0,711.0,638.0,656.0
Cytoplasm_Texture_Entropy_RNA_10_03_256,590.0,520.0,563.0,557.0,522.0,530.0,524.0,560.0,533.0,588.0
Cytoplasm_Texture_InfoMeas1_AGP_3_02_256,679.0,721.0,672.0,648.0,655.0,658.0,651.0,671.0,701.0,707.0
Cytoplasm_Texture_InfoMeas1_AGP_5_02_256,611.0,615.0,612.0,603.0,620.0,599.0,611.0,606.0,632.0,530.0
Cytoplasm_Texture_InfoMeas1_ER_10_01_256,385.0,431.0,368.0,359.0,402.0,368.0,371.0,376.0,368.0,376.0
Cytoplasm_Texture_InfoMeas1_ER_10_02_256,363.0,417.0,416.0,391.0,414.0,405.0,386.0,424.0,403.0,408.0
Cytoplasm_Texture_InfoMeas1_ER_5_00_256,365.0,346.0,357.0,343.0,372.0,306.0,335.0,328.0,336.0,346.0
Cytoplasm_Texture_InfoMeas1_ER_5_01_256,321.0,361.0,336.0,333.0,360.0,338.0,333.0,337.0,344.0,325.0
Cytoplasm_Texture_InfoMeas1_Mito_3_00_256,580.0,608.0,650.0,554.0,618.0,613.0,612.0,655.0,607.0,581.0
Cytoplasm_Texture_InfoMeas1_RNA_10_02_256,420.0,420.0,414.0,418.0,446.0,451.0,433.0,420.0,443.0,457.0
Cytoplasm_Texture_InfoMeas1_RNA_5_00_256,523.0,530.0,501.0,520.0,512.0,483.0,515.0,516.0,504.0,488.0
Cytoplasm_Texture_InfoMeas1_RNA_5_01_256,374.0,361.0,324.0,347.0,377.0,406.0,375.0,334.0,368.0,407.0
Cytoplasm_Texture_InfoMeas2_Mito_3_02_256,586.0,590.0,576.0,559.0,581.0,521.0,571.0,592.0,538.0,591.0
Cytoplasm_Texture_InverseDifferenceMoment_AGP_3_00_256,639.0,739.0,711.0,722.0,632.0,684.0,727.0,670.0,660.0,671.0
Cytoplasm_Texture_InverseDifferenceMoment_DNA_3_02_256,448.0,423.0,479.0,480.0,451.0,453.0,445.0,461.0,505.0,495.0
Cytoplasm_Texture_InverseDifferenceMoment_ER_10_03_256,464.0,454.0,416.0,454.0,379.0,451.0,466.0,392.0,433.0,405.0
Cytoplasm_Texture_InverseDifferenceMoment_Mito_10_03_256,357.0,324.0,369.0,354.0,331.0,303.0,329.0,307.0,330.0,327.0
Cytoplasm_Texture_SumAverage_DNA_3_02_256,326.0,344.0,299.0,357.0,348.0,350.0,352.0,353.0,338.0,341.0
Nuclei_AreaShape_BoundingBoxArea,962.0,963.0,939.0,925.0,915.0,918.0,939.0,965.0,912.0,951.0
Nuclei_AreaShape_BoundingBoxMaximum_X,337.0,384.0,372.0,340.0,362.0,377.0,370.0,385.0,338.0,346.0
Nuclei_AreaShape_BoundingBoxMinimum_Y,909.0,931.0,937.0,938.0,923.0,944.0,928.0,932.0,932.0,934.0
Nuclei_AreaShape_Eccentricity,591.0,573.0,652.0,600.0,625.0,611.0,580.0,623.0,620.0,581.0
Nuclei_AreaShape_FormFactor,327.0,315.0,293.0,268.0,289.0,270.0,311.0,262.0,321.0,308.0
Nuclei_AreaShape_Orientation,482.0,507.0,468.0,473.0,488.0,497.0,463.0,431.0,440.0,511.0
Nuclei_AreaShape_Solidity,472.0,516.0,491.0,529.0,491.0,499.0,541.0,515.0,557.0,546.0
Nuclei_AreaShape_Zernike_0_0,603.0,562.0,537.0,543.0,574.0,551.0,565.0,593.0,570.0,562.0
Nuclei_AreaShape_Zernike_1_1,491.0,509.0,542.0,543.0,483.0,525.0,504.0,556.0,516.0,545.0
Nuclei_AreaShape_Zernike_2_0,742.0,718.0,737.0,715.0,730.0,723.0,725.0,700.0,784.0,760.0
Nuclei_AreaShape_Zernike_2_2,469.0,412.0,457.0,441.0,434.0,422.0,409.0,509.0,407.0,448.0
Nuclei_AreaShape_Zernike_3_1,545.0,577.0,591.0,559.0,585.0,541.0,570.0,537.0,573.0,548.0
Nuclei_AreaShape_Zernike_3_3,613.0,644.0,617.0,541.0,593.0,555.0,621.0,598.0,626.0,556.0
Nuclei_AreaShape_Zernike_4_0,597.0,609.0,616.0,586.0,642.0,609.0,591.0,533.0,620.0,579.0
Nuclei_AreaShape_Zernike_4_2,831.0,810.0,833.0,797.0,765.0,804.0,777.0,775.0,808.0,767.0
Nuclei_AreaShape_Zernike_4_4,1465.0,1353.0,1456.0,1414.0,1320.0,1374.0,1384.0,1445.0,1400.0,1390.0
Nuclei_AreaShape_Zernike_5_1,446.0,486.0,443.0,424.0,499.0,396.0,466.0,494.0,448.0,463.0
Nuclei_AreaShape_Zernike_5_3,827.0,803.0,800.0,808.0,804.0,827.0,790.0,858.0,752.0,771.0
Nuclei_AreaShape_Zernike_5_5,699.0,689.0,713.0,724.0,703.0,681.0,757.0,727.0,661.0,686.0
Nuclei_AreaShape_Zernike_6_0,511.0,520.0,549.0,498.0,530.0,491.0,546.0,485.0,526.0,537.0
Nuclei_AreaShape_Zernike_6_2,621.0,604.0,614.0,602.0,625.0,639.0,643.0,609.0,605.0,631.0
Nuclei_AreaShape_Zernike_6_4,823.0,808.0,753.0,772.0,831.0,751.0,785.0,774.0,796.0,807.0
Nuclei_AreaShape_Zernike_6_6,1104.0,1145.0,1072.0,1076.0,1099.0,1136.0,1107.0,1104.0,1080.0,1053.0
Nuclei_AreaShape_Zernike_7_1,391.0,382.0,392.0,405.0,396.0,385.0,400.0,389.0,390.0,399.0
Nuclei_AreaShape_Zernike_7_3,431.0,460.0,445.0,474.0,481.0,449.0,455.0,439.0,460.0,427.0
Nuclei_AreaShape_Zernike_7_5,406.0,443.0,427.0,422.0,402.0,438.0,398.0,403.0,400.0,398.0
Nuclei_AreaShape_Zernike_8_0,436.0,451.0,468.0,440.0,467.0,420.0,416.0,444.0,416.0,421.0
Nuclei_AreaShape_Zernike_8_2,438.0,441.0,400.0,415.0,392.0,388.0,372.0,394.0,437.0,417.0
Nuclei_AreaShape_Zernike_8_4,669.0,644.0,634.0,674.0,656.0,659.0,690.0,645.0,703.0,705.0
Nuclei_AreaShape_Zernike_8_6,900.0,886.0,875.0,904.0,895.0,999.0,865.0,965.0,899.0,976.0
Nuclei_AreaShape_Zernike_8_8,898.0,938.0,955.0,891.0,930.0,954.0,966.0,898.0,943.0,993.0
Nuclei_AreaShape_Zernike_9_1,404.0,504.0,470.0,443.0,502.0,456.0,462.0,465.0,434.0,446.0
Nuclei_AreaShape_Zernike_9_3,395.0,413.0,406.0,403.0,387.0,403.0,423.0,406.0,452.0,370.0
Nuclei_AreaShape_Zernike_9_5,453.0,406.0,397.0,413.0,450.0,379.0,421.0,438.0,409.0,442.0
Nuclei_AreaShape_Zernike_9_7,363.0,417.0,421.0,441.0,408.0,411.0,401.0,413.0,410.0,382.0
Nuclei_Correlation_Correlation_AGP_DNA,444.0,407.0,398.0,397.0,451.0,429.0,390.0,428.0,401.0,404.0
Nuclei_Correlation_Correlation_AGP_ER,618.0,574.0,630.0,628.0,613.0,554.0,617.0,602.0,594.0,628.0
Nuclei_Correlation_Correlation_AGP_Mito,953.0,940.0,1037.0,1006.0,1030.0,951.0,961.0,974.0,1037.0,961.0
Nuclei_Correlation_Correlation_AGP_RNA,471.0,535.0,478.0,533.0,488.0,477.0,527.0,534.0,481.0,531.0
Nuclei_Correlation_Correlation_DNA_ER,943.0,891.0,918.0,945.0,936.0,933.0,904.0,904.0,917.0,941.0
Nuclei_Correlation_Correlation_DNA_Mito,600.0,529.0,603.0,554.0,555.0,574.0,592.0,589.0,551.0,547.0
Nuclei_Correlation_Correlation_DNA_RNA,1106.0,1105.0,1153.0,1186.0,1097.0,1136.0,1155.0,1183.0,1204.0,1152.0
Nuclei_Correlation_Correlation_ER_Mito,766.0,764.0,775.0,777.0,714.0,759.0,789.0,813.0,736.0,737.0
Nuclei_Correlation_Correlation_ER_RNA,487.0,454.0,445.0,466.0,453.0,483.0,503.0,525.0,484.0,494.0
Nuclei_Correlation_Correlation_Mito_RNA,654.0,648.0,627.0,655.0,665.0,628.0,620.0,614.0,612.0,638.0
Nuclei_Correlation_K_AGP_ER,595.0,569.0,609.0,561.0,582.0,590.0,587.0,630.0,606.0,581.0
Nuclei_Correlation_K_AGP_RNA,875.0,995.0,905.0,869.0,955.0,892.0,901.0,854.0,851.0,852.0
Nuclei_Correlation_K_ER_AGP,460.0,463.0,435.0,462.0,498.0,444.0,498.0,442.0,445.0,437.0
Nuclei_Correlation_K_RNA_AGP,341.0,357.0,352.0,353.0,381.0,371.0,320.0,344.0,318.0,327.0
Nuclei_Correlation_Overlap_AGP_DNA,570.0,599.0,541.0,576.0,604.0,569.0,618.0,592.0,616.0,598.0
Nuclei_Correlation_Overlap_AGP_ER,501.0,504.0,523.0,497.0,474.0,544.0,541.0,535.0,552.0,535.0
Nuclei_Correlation_Overlap_AGP_Mito,597.0,559.0,527.0,591.0,531.0,564.0,594.0,541.0,582.0,567.0
Nuclei_Correlation_Overlap_AGP_RNA,534.0,528.0,551.0,507.0,548.0,593.0,579.0,540.0,501.0,550.0
Nuclei_Correlation_Overlap_DNA_ER,474.0,481.0,489.0,496.0,480.0,441.0,497.0,495.0,517.0,497.0
Nuclei_Correlation_Overlap_DNA_Mito,424.0,385.0,400.0,430.0,422.0,392.0,414.0,445.0,419.0,450.0
Nuclei_Correlation_Overlap_DNA_RNA,821.0,811.0,813.0,896.0,829.0,823.0,818.0,843.0,831.0,865.0
Nuclei_Correlation_Overlap_ER_Mito,655.0,669.0,633.0,675.0,667.0,666.0,647.0,674.0,599.0,684.0
Nuclei_Correlation_Overlap_ER_RNA,666.0,660.0,630.0,634.0,677.0,624.0,711.0,633.0,626.0,594.0
Nuclei_Correlation_Overlap_Mito_RNA,677.0,678.0,683.0,704.0,681.0,698.0,731.0,708.0,680.0,715.0
Nuclei_Granularity_10_DNA,907.0,915.0,885.0,937.0,936.0,906.0,934.0,925.0,924.0,890.0
Nuclei_Granularity_10_ER,275.0,291.0,274.0,254.0,289.0,284.0,275.0,269.0,276.0,255.0
Nuclei_Granularity_10_Mito,444.0,456.0,381.0,378.0,417.0,382.0,441.0,417.0,431.0,440.0
Nuclei_Granularity_10_RNA,287.0,293.0,293.0,329.0,331.0,324.0,312.0,267.0,363.0,318.0
Nuclei_Granularity_11_AGP,490.0,504.0,507.0,480.0,509.0,493.0,481.0,476.0,517.0,501.0
Nuclei_Granularity_11_DNA,425.0,469.0,435.0,469.0,432.0,462.0,440.0,432.0,426.0,510.0
Nuclei_Granularity_11_ER,354.0,351.0,327.0,341.0,368.0,320.0,318.0,362.0,361.0,314.0
Nuclei_Granularity_11_Mito,346.0,362.0,378.0,382.0,369.0,373.0,350.0,392.0,381.0,366.0
Nuclei_Granularity_11_RNA,284.0,266.0,289.0,290.0,293.0,283.0,289.0,273.0,302.0,280.0
Nuclei_Granularity_12_AGP,492.0,471.0,492.0,460.0,491.0,453.0,476.0,431.0,451.0,481.0
Nuclei_Granularity_12_DNA,346.0,374.0,348.0,385.0,347.0,352.0,327.0,350.0,350.0,365.0
Nuclei_Granularity_12_ER,317.0,356.0,370.0,311.0,349.0,353.0,324.0,358.0,339.0,355.0
Nuclei_Granularity_12_Mito,395.0,428.0,426.0,431.0,419.0,433.0,410.0,445.0,436.0,384.0
Nuclei_Granularity_13_AGP,451.0,407.0,438.0,441.0,409.0,441.0,447.0,436.0,444.0,436.0
Nuclei_Granularity_13_DNA,450.0,443.0,415.0,454.0,411.0,426.0,394.0,443.0,427.0,390.0
Nuclei_Granularity_13_ER,360.0,389.0,337.0,355.0,373.0,391.0,355.0,345.0,372.0,351.0
Nuclei_Granularity_13_Mito,504.0,539.0,557.0,469.0,528.0,486.0,547.0,499.0,538.0,523.0
Nuclei_Granularity_13_RNA,458.0,456.0,445.0,413.0,415.0,465.0,444.0,438.0,510.0,465.0
Nuclei_Granularity_1_ER,809.0,834.0,795.0,826.0,800.0,813.0,844.0,810.0,777.0,811.0
Nuclei_Granularity_1_Mito,704.0,715.0,811.0,747.0,776.0,749.0,761.0,728.0,722.0,756.0
Nuclei_Granularity_2_AGP,630.0,589.0,612.0,592.0,614.0,566.0,603.0,586.0,580.0,608.0
Nuclei_Granularity_2_DNA,597.0,691.0,604.0,660.0,670.0,618.0,663.0,614.0,647.0,682.0
Nuclei_Granularity_2_Mito,501.0,482.0,573.0,543.0,556.0,566.0,526.0,568.0,558.0,558.0
Nuclei_Granularity_2_RNA,937.0,962.0,1001.0,930.0,986.0,966.0,962.0,994.0,936.0,1034.0
Nuclei_Granularity_3_AGP,790.0,831.0,786.0,800.0,815.0,819.0,769.0,792.0,824.0,753.0
Nuclei_Granularity_3_RNA,633.0,662.0,621.0,673.0,593.0,658.0,578.0,617.0,626.0,594.0
Nuclei_Granularity_4_Mito,760.0,751.0,789.0,780.0,755.0,795.0,765.0,788.0,826.0,779.0
Nuclei_Granularity_5_DNA,1031.0,998.0,1005.0,1035.0,1052.0,1044.0,1040.0,1055.0,1046.0,1062.0
Nuclei_Granularity_7_RNA,435.0,423.0,433.0,428.0,451.0,433.0,440.0,393.0,416.0,433.0
Nuclei_Granularity_8_ER,364.0,383.0,356.0,381.0,413.0,376.0,381.0,403.0,430.0,392.0
Nuclei_Granularity_8_Mito,471.0,461.0,456.0,517.0,490.0,499.0,417.0,463.0,437.0,417.0
Nuclei_Granularity_9_ER,360.0,348.0,350.0,347.0,354.0,339.0,322.0,336.0,361.0,344.0
Nuclei_Granularity_9_Mito,398.0,417.0,404.0,422.0,454.0,425.0,385.0,428.0,362.0,435.0
Nuclei_Granularity_9_RNA,309.0,312.0,336.0,292.0,317.0,322.0,336.0,297.0,311.0,338.0
Nuclei_Intensity_IntegratedIntensity_AGP,566.0,547.0,573.0,509.0,583.0,520.0,570.0,541.0,545.0,533.0
Nuclei_Intensity_IntegratedIntensity_Mito,550.0,572.0,564.0,554.0,550.0,560.0,567.0,578.0,577.0,547.0
Nuclei_Intensity_IntegratedIntensity_RNA,524.0,525.0,562.0,524.0,571.0,535.0,563.0,581.0,526.0,517.0
Nuclei_Intensity_LowerQuartileIntensity_DNA,846.0,774.0,837.0,781.0,834.0,802.0,825.0,878.0,805.0,807.0
Nuclei_Intensity_MADIntensity_AGP,679.0,709.0,667.0,636.0,707.0,651.0,667.0,671.0,668.0,687.0
Nuclei_Intensity_MassDisplacement_AGP,532.0,472.0,507.0,494.0,484.0,470.0,468.0,464.0,449.0,502.0
Nuclei_Intensity_MassDisplacement_DNA,624.0,642.0,642.0,642.0,626.0,646.0,625.0,645.0,626.0,621.0
Nuclei_Intensity_MassDisplacement_ER,420.0,430.0,437.0,396.0,392.0,409.0,425.0,424.0,411.0,416.0
Nuclei_Intensity_MassDisplacement_Mito,529.0,494.0,494.0,480.0,495.0,520.0,476.0,475.0,501.0,515.0
Nuclei_Intensity_MassDisplacement_RNA,484.0,455.0,525.0,470.0,484.0,447.0,488.0,480.0,443.0,493.0
Nuclei_Intensity_MeanIntensityEdge_AGP,504.0,546.0,526.0,463.0,506.0,554.0,488.0,502.0,534.0,512.0
Nuclei_Intensity_MeanIntensityEdge_ER,409.0,381.0,400.0,387.0,439.0,372.0,395.0,388.0,343.0,434.0
Nuclei_Intensity_MeanIntensityEdge_RNA,394.0,335.0,363.0,350.0,328.0,352.0,362.0,352.0,357.0,325.0
Nuclei_Intensity_MinIntensityEdge_DNA,838.0,834.0,838.0,816.0,770.0,832.0,806.0,819.0,813.0,850.0
Nuclei_Intensity_MinIntensity_AGP,683.0,701.0,687.0,721.0,672.0,696.0,691.0,693.0,702.0,668.0
Nuclei_Intensity_MinIntensity_ER,439.0,417.0,430.0,413.0,402.0,413.0,406.0,399.0,417.0,403.0
Nuclei_Intensity_MinIntensity_RNA,504.0,526.0,528.0,481.0,487.0,483.0,524.0,501.0,515.0,518.0
Nuclei_Intensity_StdIntensityEdge_AGP,871.0,830.0,876.0,837.0,832.0,798.0,826.0,803.0,799.0,876.0
Nuclei_Neighbors_AngleBetweenNeighbors_1,576.0,556.0,614.0,547.0,588.0,603.0,535.0,524.0,609.0,540.0
Nuclei_Neighbors_FirstClosestObjectNumber_1,1055.0,1036.0,1069.0,1085.0,1057.0,1062.0,1100.0,1095.0,1116.0,1116.0
Nuclei_Neighbors_NumberOfNeighbors_1,712.0,678.0,700.0,711.0,745.0,704.0,651.0,663.0,696.0,659.0
Nuclei_ObjectSkeleton_NumberTrunks_mito_skel,1627.0,1602.0,1542.0,1609.0,1583.0,1565.0,1565.0,1572.0,1602.0,1544.0
Nuclei_RadialDistribution_FracAtD_AGP_3of4,703.0,688.0,717.0,701.0,682.0,653.0,680.0,710.0,726.0,735.0
Nuclei_RadialDistribution_FracAtD_AGP_4of4,317.0,318.0,268.0,319.0,334.0,289.0,308.0,338.0,324.0,336.0
Nuclei_RadialDistribution_FracAtD_DNA_1of4,481.0,539.0,534.0,540.0,511.0,472.0,504.0,524.0,492.0,504.0
Nuclei_RadialDistribution_FracAtD_DNA_3of4,409.0,413.0,449.0,470.0,395.0,404.0,455.0,422.0,436.0,452.0
Nuclei_RadialDistribution_FracAtD_DNA_4of4,278.0,266.0,280.0,267.0,263.0,266.0,259.0,259.0,277.0,269.0
Nuclei_RadialDistribution_FracAtD_ER_2of4,396.0,419.0,358.0,414.0,376.0,396.0,385.0,432.0,375.0,363.0
Nuclei_RadialDistribution_FracAtD_Mito_2of4,476.0,470.0,474.0,464.0,450.0,481.0,474.0,450.0,454.0,441.0
Nuclei_RadialDistribution_FracAtD_Mito_3of4,313.0,335.0,307.0,311.0,318.0,325.0,340.0,344.0,345.0,322.0
Nuclei_RadialDistribution_FracAtD_Mito_4of4,263.0,256.0,284.0,240.0,273.0,225.0,236.0,242.0,245.0,258.0
Nuclei_RadialDistribution_FracAtD_RNA_3of4,384.0,394.0,375.0,394.0,413.0,373.0,385.0,426.0,366.0,397.0
Nuclei_RadialDistribution_FracAtD_RNA_4of4,394.0,408.0,437.0,438.0,435.0,470.0,432.0,462.0,448.0,457.0
Nuclei_RadialDistribution_MeanFrac_AGP_1of4,712.0,745.0,733.0,685.0,741.0,738.0,730.0,721.0,723.0,707.0
Nuclei_RadialDistribution_MeanFrac_AGP_3of4,1017.0,964.0,958.0,906.0,983.0,961.0,913.0,930.0,881.0,963.0
Nuclei_RadialDistribution_MeanFrac_AGP_4of4,420.0,445.0,435.0,417.0,457.0,415.0,433.0,425.0,419.0,455.0
Nuclei_RadialDistribution_MeanFrac_DNA_1of4,679.0,682.0,715.0,664.0,669.0,663.0,652.0,665.0,658.0,659.0
Nuclei_RadialDistribution_MeanFrac_DNA_3of4,726.0,764.0,786.0,761.0,729.0,754.0,727.0,702.0,689.0,712.0
Nuclei_RadialDistribution_MeanFrac_DNA_4of4,379.0,445.0,430.0,376.0,418.0,384.0,369.0,399.0,431.0,396.0
Nuclei_RadialDistribution_MeanFrac_ER_1of4,1121.0,1090.0,1125.0,1135.0,1098.0,1130.0,1192.0,1142.0,1174.0,1135.0
Nuclei_RadialDistribution_MeanFrac_ER_3of4,544.0,536.0,548.0,554.0,517.0,580.0,534.0,555.0,545.0,547.0
Nuclei_RadialDistribution_MeanFrac_ER_4of4,266.0,318.0,320.0,262.0,317.0,331.0,288.0,294.0,321.0,306.0
Nuclei_RadialDistribution_MeanFrac_Mito_1of4,452.0,487.0,441.0,438.0,522.0,502.0,489.0,483.0,474.0,467.0
Nuclei_RadialDistribution_MeanFrac_Mito_3of4,710.0,697.0,672.0,749.0,701.0,678.0,721.0,703.0,694.0,674.0
Nuclei_RadialDistribution_MeanFrac_Mito_4of4,535.0,527.0,515.0,501.0,538.0,547.0,529.0,505.0,516.0,517.0
Nuclei_RadialDistribution_MeanFrac_RNA_3of4,618.0,655.0,594.0,631.0,610.0,641.0,608.0,590.0,625.0,640.0
Nuclei_RadialDistribution_RadialCV_AGP_1of4,808.0,800.0,830.0,847.0,848.0,872.0,833.0,874.0,835.0,825.0
Nuclei_RadialDistribution_RadialCV_AGP_2of4,643.0,633.0,662.0,688.0,648.0,652.0,671.0,651.0,626.0,674.0
Nuclei_RadialDistribution_RadialCV_AGP_4of4,425.0,440.0,447.0,470.0,466.0,462.0,438.0,429.0,448.0,489.0
Nuclei_RadialDistribution_RadialCV_DNA_1of4,1387.0,1409.0,1415.0,1440.0,1460.0,1387.0,1437.0,1449.0,1466.0,1373.0
Nuclei_RadialDistribution_RadialCV_DNA_4of4,711.0,715.0,781.0,786.0,739.0,727.0,713.0,714.0,751.0,708.0
Nuclei_RadialDistribution_RadialCV_ER_1of4,652.0,649.0,687.0,689.0,662.0,638.0,644.0,639.0,658.0,666.0
Nuclei_RadialDistribution_RadialCV_ER_2of4,755.0,733.0,772.0,771.0,773.0,732.0,723.0,731.0,727.0,764.0
Nuclei_RadialDistribution_RadialCV_ER_4of4,723.0,729.0,704.0,680.0,707.0,695.0,706.0,736.0,669.0,713.0
Nuclei_RadialDistribution_RadialCV_Mito_1of4,733.0,682.0,694.0,720.0,711.0,710.0,715.0,695.0,742.0,686.0
Nuclei_RadialDistribution_RadialCV_Mito_4of4,588.0,581.0,620.0,651.0,623.0,620.0,577.0,658.0,559.0,627.0
Nuclei_RadialDistribution_RadialCV_RNA_1of4,468.0,482.0,430.0,509.0,454.0,461.0,485.0,462.0,455.0,474.0
Nuclei_RadialDistribution_RadialCV_RNA_2of4,752.0,753.0,818.0,764.0,768.0,741.0,796.0,724.0,769.0,730.0
Nuclei_RadialDistribution_RadialCV_RNA_3of4,543.0,624.0,605.0,567.0,598.0,641.0,595.0,606.0,597.0,554.0
Nuclei_Texture_Correlation_AGP_10_00_256,262.0,298.0,251.0,289.0,300.0,271.0,324.0,293.0,294.0,294.0
Nuclei_Texture_Correlation_AGP_10_01_256,286.0,294.0,322.0,303.0,315.0,282.0,295.0,350.0,282.0,320.0
Nuclei_Texture_Correlation_AGP_10_02_256,360.0,322.0,333.0,362.0,323.0,342.0,332.0,326.0,367.0,339.0
Nuclei_Texture_Correlation_AGP_10_03_256,325.0,370.0,331.0,321.0,334.0,336.0,346.0,306.0,352.0,303.0
Nuclei_Texture_Correlation_AGP_5_00_256,423.0,423.0,401.0,505.0,464.0,468.0,443.0,461.0,460.0,449.0
Nuclei_Texture_Correlation_AGP_5_01_256,336.0,348.0,322.0,377.0,353.0,336.0,348.0,385.0,344.0,358.0
Nuclei_Texture_Correlation_AGP_5_02_256,625.0,651.0,651.0,636.0,664.0,607.0,655.0,662.0,642.0,687.0
Nuclei_Texture_Correlation_AGP_5_03_256,353.0,333.0,298.0,317.0,331.0,310.0,330.0,288.0,350.0,326.0
Nuclei_Texture_Correlation_DNA_10_00_256,504.0,515.0,473.0,526.0,475.0,523.0,521.0,534.0,520.0,528.0
Nuclei_Texture_Correlation_DNA_10_01_256,614.0,528.0,597.0,568.0,568.0,558.0,538.0,642.0,591.0,544.0
Nuclei_Texture_Correlation_DNA_10_02_256,420.0,395.0,400.0,349.0,366.0,421.0,374.0,365.0,350.0,393.0
Nuclei_Texture_Correlation_DNA_10_03_256,619.0,520.0,608.0,573.0,640.0,582.0,613.0,593.0,612.0,608.0
Nuclei_Texture_Correlation_DNA_3_00_256,491.0,465.0,458.0,447.0,494.0,483.0,458.0,434.0,484.0,516.0
Nuclei_Texture_Correlation_DNA_5_01_256,448.0,414.0,423.0,438.0,431.0,400.0,423.0,347.0,434.0,423.0
Nuclei_Texture_Correlation_DNA_5_03_256,417.0,412.0,409.0,410.0,440.0,430.0,426.0,487.0,480.0,427.0
Nuclei_Texture_Correlation_ER_10_00_256,326.0,310.0,317.0,327.0,305.0,311.0,286.0,304.0,318.0,330.0
Nuclei_Texture_Correlation_ER_10_01_256,397.0,401.0,397.0,373.0,390.0,386.0,345.0,388.0,354.0,392.0
Nuclei_Texture_Correlation_ER_10_02_256,356.0,377.0,359.0,341.0,352.0,390.0,315.0,364.0,388.0,381.0
Nuclei_Texture_Correlation_ER_3_00_256,640.0,626.0,612.0,603.0,657.0,648.0,607.0,610.0,596.0,615.0
Nuclei_Texture_Correlation_Mito_10_00_256,396.0,378.0,325.0,405.0,361.0,384.0,382.0,347.0,411.0,374.0
Nuclei_Texture_Correlation_Mito_10_01_256,344.0,383.0,377.0,330.0,324.0,376.0,315.0,340.0,328.0,324.0
Nuclei_Texture_Correlation_Mito_10_02_256,396.0,399.0,404.0,397.0,432.0,360.0,417.0,381.0,383.0,398.0
Nuclei_Texture_Correlation_Mito_10_03_256,386.0,357.0,375.0,364.0,369.0,394.0,414.0,384.0,343.0,379.0
Nuclei_Texture_Correlation_Mito_3_03_256,304.0,356.0,295.0,321.0,380.0,316.0,361.0,329.0,347.0,358.0
Nuclei_Texture_Correlation_Mito_5_01_256,412.0,448.0,393.0,439.0,442.0,438.0,433.0,409.0,439.0,449.0
Nuclei_Texture_Correlation_Mito_5_03_256,400.0,462.0,420.0,389.0,402.0,390.0,388.0,403.0,434.0,413.0
Nuclei_Texture_Correlation_RNA_10_00_256,385.0,423.0,431.0,437.0,397.0,373.0,434.0,409.0,431.0,383.0
Nuclei_Texture_Correlation_RNA_3_00_256,687.0,682.0,593.0,698.0,663.0,645.0,680.0,709.0,638.0,672.0
Nuclei_Texture_Entropy_DNA_10_03_256,1055.0,1025.0,1012.0,995.0,1026.0,1023.0,1070.0,1037.0,1004.0,1008.0
Nuclei_Texture_Entropy_ER_10_03_256,362.0,334.0,349.0,343.0,342.0,326.0,318.0,345.0,374.0,362.0
Nuclei_Texture_Entropy_Mito_10_01_256,426.0,346.0,394.0,396.0,392.0,421.0,381.0,421.0,400.0,405.0
Nuclei_Texture_Entropy_RNA_10_01_256,396.0,363.0,375.0,380.0,417.0,363.0,413.0,373.0,411.0,393.0
Nuclei_Texture_InfoMeas1_AGP_10_01_256,380.0,405.0,396.0,397.0,399.0,385.0,392.0,439.0,397.0,460.0
Nuclei_Texture_InfoMeas1_AGP_3_02_256,484.0,543.0,506.0,529.0,492.0,579.0,492.0,543.0,504.0,500.0
Nuclei_Texture_InfoMeas1_DNA_3_02_256,559.0,537.0,582.0,554.0,518.0,520.0,508.0,528.0,522.0,565.0
Nuclei_Texture_InfoMeas1_ER_10_01_256,374.0,347.0,371.0,305.0,364.0,354.0,349.0,352.0,370.0,343.0
Nuclei_Texture_InfoMeas1_ER_3_00_256,421.0,448.0,409.0,403.0,438.0,397.0,404.0,429.0,389.0,414.0
Nuclei_Texture_InfoMeas1_Mito_3_02_256,471.0,452.0,461.0,485.0,493.0,471.0,470.0,482.0,451.0,477.0
Nuclei_Texture_InfoMeas1_RNA_3_00_256,519.0,533.0,551.0,568.0,503.0,532.0,502.0,544.0,514.0,526.0
Nuclei_Texture_InfoMeas2_AGP_3_02_256,360.0,324.0,356.0,317.0,329.0,330.0,360.0,345.0,382.0,335.0
Nuclei_Texture_InfoMeas2_DNA_3_00_256,609.0,619.0,557.0,523.0,601.0,596.0,583.0,549.0,613.0,562.0
Nuclei_Texture_InfoMeas2_ER_10_01_256,396.0,364.0,363.0,378.0,359.0,393.0,409.0,346.0,356.0,346.0
Nuclei_Texture_InfoMeas2_ER_3_00_256,274.0,268.0,325.0,262.0,287.0,306.0,284.0,289.0,303.0,291.0
Nuclei_Texture_InfoMeas2_Mito_3_00_256,497.0,444.0,481.0,497.0,488.0,483.0,467.0,507.0,481.0,514.0
Nuclei_Texture_InfoMeas2_RNA_10_01_256,333.0,355.0,351.0,396.0,347.0,346.0,363.0,366.0,359.0,344.0
Nuclei_Texture_InverseDifferenceMoment_AGP_3_02_256,509.0,535.0,513.0,570.0,515.0,496.0,538.0,502.0,524.0,516.0
Nuclei_Texture_InverseDifferenceMoment_DNA_10_03_256,612.0,580.0,548.0,516.0,580.0,598.0,540.0,528.0,554.0,579.0
Nuclei_Texture_InverseDifferenceMoment_Mito_5_01_256,471.0,394.0,408.0,416.0,426.0,439.0,420.0,418.0,433.0,480.0
Nuclei_Texture_InverseDifferenceMoment_RNA_10_03_256,319.0,347.0,318.0,325.0,317.0,329.0,305.0,318.0,284.0,302.0
Nuclei_Texture_SumEntropy_AGP_10_01_256,349.0,395.0,322.0,356.0,358.0,309.0,370.0,375.0,320.0,370.0
Nuclei_Texture_SumVariance_AGP_10_01_256,625.0,624.0,610.0,570.0,583.0,548.0,606.0,628.0,567.0,587.0
Nuclei_Texture_SumVariance_ER_10_01_256,398.0,403.0,396.0,428.0,386.0,433.0,425.0,429.0,412.0,425.0
Nuclei_Texture_SumVariance_RNA_10_03_256,630.0,605.0,613.0,643.0,588.0,611.0,638.0,625.0,597.0,609.0
